userID,window_id,time_ms,avg_velocity,avg_velocity_off,avg_ioi,avg_duration,avg_articulation,pitch_range,avg_pitch,avg_pitch_step,num_chords,avg_notes_per_chord,chord_density,avg_polyphony,avg_arpeggiation_speed,avg_arpeggation_distance,num_grace_notes,avg_grace_duration,avg_grace_interval
0,0,0,57.164,37.344,249.633,468.295,15.257,20,62.0,4.1,4,3.0,0.267,2.984,44.0,2.0,1,98.0,2.0
0,1,15000,58.329,34.5,181.938,570.524,28.903,22,62.037,5.975,10,3.4,0.667,3.683,66.542,3.125,1,121.0,2.0
0,2,30000,57.968,37.387,223.721,593.629,21.932,20,62.403,5.016,4,3.25,0.267,3.242,27.111,3.0,3,132.333,1.333
0,3,45000,60.0,39.443,190.256,501.089,21.05,33,60.899,5.923,8,3.375,0.533,3.266,31.053,2.684,1,112.0,1.0
0,4,60000,64.534,35.753,200.514,543.644,17.184,24,62.014,5.431,8,3.625,0.533,3.26,128.762,3.0,1,89.0,2.0
0,5,75000,64.474,40.695,157.862,417.663,18.378,34,65.663,5.532,10,3.5,0.667,3.453,48.08,3.0,8,79.125,1.375
0,6,90000,71.864,43.424,220.262,537.621,38.637,22,62.212,5.092,3,3.333,0.2,3.152,30.0,2.143,3,102.333,1.333
0,7,105000,66.386,39.33,170.92,534.727,20.695,24,61.875,5.701,8,3.5,0.533,3.534,52.05,2.95,2,38.0,0.5
0,8,120000,70.517,44.379,171.151,453.655,21.638,45,69.23,7.221,6,3.167,0.4,3.667,49.0,1.846,9,66.444,1.0
0,9,135000,68.07,42.163,172.694,504.291,34.892,31,65.291,6.929,4,3.25,0.267,3.256,30.667,2.556,3,115.0,1.667
0,10,150000,57.159,41.189,112.832,228.735,15.294,36,62.848,7.244,18,3.167,1.2,3.068,17.513,1.615,3,108.667,2.0
0,11,165000,61.511,35.032,150.731,597.67,38.344,36,64.606,8.656,9,3.333,0.6,4.138,27.19,2.143,1,36.0,0.0
0,12,180000,55.226,35.528,287.846,728.774,30.953,24,63.113,5.885,6,3.833,0.4,2.736,47.824,2.588,1,121.0,2.0
0,13,195000,64.77,37.162,203.096,727.905,30.523,39,70.027,6.192,4,3.5,0.267,3.73,113.0,4.2,4,120.5,1.5
0,14,210000,64.649,36.662,195.877,694.716,30.557,29,66.041,7.11,5,3.2,0.333,3.851,11.364,3.636,1,147.0,1.0
0,15,225000,64.833,38.393,175.88,581.786,30.897,41,69.06,7.157,8,3.125,0.533,3.786,22.824,1.176,3,122.0,1.333
0,16,240000,56.884,43.529,121.017,329.901,11.81,41,67.86,10.192,13,3.692,0.867,3.347,41.829,3.714,2,75.5,2.0
0,17,255000,63.7,40.677,114.202,388.6,20.812,41,68.285,9.217,10,3.3,0.667,4.131,39.435,2.391,2,96.0,1.5
0,18,270000,62.523,35.495,134.226,425.589,21.97,36,64.682,8.17,8,3.375,0.533,3.953,54.053,3.474,5,112.4,1.6
0,19,285000,59.597,35.731,219.152,515.343,20.078,20,63.0,4.621,6,3.5,0.4,3.433,10.133,1.0,1,62.0,2.0
0,20,300000,62.843,36.971,211.449,608.8,18.543,41,63.129,7.275,5,3.6,0.333,3.386,40.615,1.385,1,134.0,2.0
0,21,315000,49.683,39.1,252.492,581.883,13.965,38,63.783,5.847,7,3.571,0.467,2.867,91.944,3.0,1,143.0,2.0
0,22,330000,67.443,43.57,189.962,445.342,13.044,42,68.911,7.923,8,4.125,0.533,2.962,181.2,4.64,2,133.5,1.0
0,23,345000,71.043,40.183,160.326,539.925,20.181,34,67.441,7.609,5,3.2,0.333,3.774,120.545,3.273,4,80.0,0.75
0,24,360000,65.417,39.505,139.529,461.553,27.233,36,67.388,8.941,10,3.5,0.667,4.117,13.8,3.56,4,78.0,1.5
0,25,375000,64.473,42.152,130.55,246.795,8.58,43,69.188,8.559,10,3.8,0.667,2.839,107.25,4.071,5,105.2,1.4
0,26,390000,67.356,42.167,113.374,292.439,19.615,40,67.568,9.809,13,3.462,0.867,3.402,50.938,1.125,3,116.0,1.0
0,27,405000,67.062,42.068,98.097,243.76,14.913,31,66.068,9.876,13,3.077,0.867,3.459,57.0,0.185,1,71.0,2.0
0,28,420000,68.281,38.921,131.478,368.5,28.544,34,65.579,9.301,12,3.25,0.8,3.912,14.481,1.963,1,143.0,2.0
0,29,435000,62.107,38.456,145.784,488.34,19.769,41,67.68,9.157,9,4.444,0.6,3.67,59.032,4.258,4,96.0,1.5
0,30,450000,61.446,39.473,193.438,662.608,14.039,43,71.311,7.89,8,4.25,0.533,3.446,123.615,4.269,4,99.25,1.25
0,31,465000,52.712,39.39,256.845,761.966,33.997,24,64.068,5.483,7,3.857,0.467,3.119,111.4,3.05,1,112.0,2.0
0,32,480000,56.482,46.819,95.329,240.422,5.17,39,70.554,19.976,4,4.25,0.267,3.446,82.077,4.846,0,0.0,0.0
1,0,0,47.0,32.101,218.294,707.145,15.292,34,73.565,7.279,11,3.636,0.733,3.739,136.655,2.069,1,129.0,2.0
1,1,15000,51.685,33.493,193.639,654.644,17.082,34,72.795,8.361,7,4.0,0.467,3.521,200.476,2.857,0,0.0,0.0
1,2,30000,58.5,35.333,155.208,406.897,15.048,36,71.423,9.961,6,3.167,0.4,3.256,113.538,1.846,1,121.0,2.0
1,3,45000,62.616,35.93,174.941,437.186,15.809,32,72.512,9.282,5,3.2,0.333,3.116,89.636,2.182,0,0.0,0.0
1,4,60000,52.797,32.949,185.103,485.228,13.906,32,71.823,8.526,8,3.75,0.533,3.19,179.409,3.909,0,0.0,0.0
1,5,75000,57.819,34.867,179.0,395.301,13.054,34,70.94,9.085,6,3.667,0.4,2.94,125.562,3.0,2,134.0,1.5
1,6,90000,56.0,34.966,143.782,459.716,16.965,38,70.83,9.011,8,3.25,0.533,3.443,137.833,3.556,1,121.0,1.0
1,7,105000,57.71,37.366,155.87,349.258,10.424,32,72.204,8.087,10,3.4,0.667,3.022,147.75,2.25,1,134.0,1.0
1,8,120000,58.961,35.686,143.96,337.922,16.665,36,76.039,8.446,7,3.143,0.467,3.02,169.267,2.733,0,0.0,0.0
1,9,135000,60.5,34.822,166.933,368.5,11.895,32,72.211,9.258,3,4.0,0.2,3.111,195.333,2.556,2,85.0,1.0
1,10,150000,55.792,34.494,189.842,456.104,14.505,32,72.571,9.553,8,3.375,0.533,3.0,137.947,3.526,0,0.0,0.0
1,11,165000,56.1,34.317,210.136,454.2,15.513,34,72.55,8.78,5,3.8,0.333,3.2,109.643,2.786,1,147.0,2.0
1,12,180000,59.303,39.526,165.467,349.303,7.611,29,70.987,8.827,6,3.333,0.4,3.0,82.786,2.714,2,120.5,2.0
1,13,195000,59.936,35.34,156.151,367.872,10.129,36,72.404,9.677,4,3.5,0.267,3.426,242.4,4.9,1,147.0,2.0
1,14,210000,47.961,32.118,197.68,621.5,16.738,36,74.539,8.347,9,4.111,0.6,3.5,125.571,2.536,1,98.0,2.0
1,15,225000,51.464,36.783,216.456,596.71,10.997,40,74.783,9.618,7,3.857,0.467,3.565,91.1,2.15,1,121.0,2.0
1,16,240000,50.481,33.296,182.875,592.012,18.698,38,71.444,9.075,7,3.857,0.467,3.605,98.0,2.8,1,98.0,2.0
1,17,255000,53.602,35.843,178.524,540.446,11.479,36,73.976,8.915,7,4.0,0.467,3.566,109.095,3.476,1,98.0,1.0
1,18,270000,56.391,38.507,197.279,587.797,16.255,43,73.855,7.221,4,4.0,0.267,3.536,161.833,3.167,2,85.0,1.0
1,19,285000,55.034,31.067,149.455,277.899,13.396,27,68.562,7.92,8,3.375,0.533,2.674,48.842,0.789,1,129.0,1.0
1,20,300000,59.188,35.038,178.633,362.638,13.237,27,68.188,8.253,5,3.2,0.333,2.712,97.455,3.091,1,71.0,1.0
1,21,315000,58.366,33.304,131.559,301.714,13.531,29,70.518,8.694,14,3.143,0.933,3.045,95.7,3.933,2,136.0,2.0
1,22,330000,56.813,35.52,201.378,390.733,13.505,30,69.72,9.257,6,3.167,0.4,3.093,97.846,1.538,0,0.0,0.0
1,23,345000,56.24,37.107,197.568,602.053,9.256,34,72.16,5.635,12,4.0,0.8,3.693,160.806,4.167,0,0.0,0.0
1,24,360000,59.93,34.221,173.047,633.244,25.345,34,73.221,7.318,10,4.6,0.667,4.256,160.25,3.861,0,0.0,0.0
1,25,375000,57.439,30.667,227.815,610.424,13.791,31,70.5,7.585,4,4.0,0.267,3.258,143.333,4.0,0,0.0,0.0
1,26,390000,57.033,36.11,160.567,480.846,16.442,38,72.187,11.244,6,3.333,0.4,3.56,163.429,4.0,1,147.0,1.0
1,27,405000,57.425,33.753,205.417,367.781,10.113,27,67.589,7.667,1,3.0,0.067,2.589,96.0,1.0,2,122.5,1.0
1,28,420000,60.167,34.533,162.472,409.678,10.863,36,71.656,10.472,3,3.0,0.2,3.167,87.833,2.667,0,0.0,0.0
1,29,435000,60.907,35.427,199.568,535.92,15.428,27,70.293,8.014,8,3.5,0.533,3.173,229.2,4.6,1,71.0,1.0
1,30,450000,60.977,33.733,170.329,488.5,19.348,36,72.919,9.835,5,4.4,0.333,3.57,207.059,3.706,0,0.0,0.0
1,31,465000,58.395,32.697,197.2,491.171,16.723,33,73.987,9.493,8,3.875,0.533,3.171,164.391,3.696,0,0.0,0.0
1,32,480000,56.603,34.529,218.343,559.721,10.018,38,72.338,6.836,7,4.429,0.467,3.368,141.958,4.625,0,0.0,0.0
1,33,495000,56.429,34.545,193.908,758.338,15.32,34,72.87,7.605,12,3.583,0.8,3.701,205.968,5.387,1,112.0,2.0
1,34,510000,63.375,45.75,231.571,207.5,0.425,14,79.625,4.286,0,0.0,0.0,1.25,0.0,0.0,0,0.0,0.0
2,0,0,35.75,64.0,341.256,845.227,15.959,24,57.955,6.93,4,3.0,0.267,3.591,97.125,3.875,0,0.0,0.0
2,1,15000,37.44,64.0,290.388,844.08,9.455,25,56.8,8.367,1,3.0,0.067,3.38,267.0,2.5,0,0.0,0.0
2,2,30000,33.218,64.0,266.593,830.618,16.331,24,56.055,8.815,4,3.5,0.267,3.4,246.6,4.7,0,0.0,0.0
2,3,45000,30.889,64.0,270.83,875.796,10.847,28,58.352,10.094,0,0.0,0.0,3.574,0.0,0.0,0,0.0,0.0
2,4,60000,36.529,64.0,289.58,868.706,14.948,23,56.627,7.64,3,3.333,0.2,3.176,186.429,7.0,2,104.0,2.0
2,5,75000,36.929,64.0,257.945,936.0,22.826,24,57.946,7.945,6,3.5,0.4,3.482,87.467,6.933,0,0.0,0.0
2,6,90000,36.023,64.0,334.81,846.628,7.211,23,52.442,6.0,3,3.0,0.2,3.279,245.5,5.833,0,0.0,0.0
2,7,105000,33.186,64.0,255.155,846.508,19.494,27,57.136,8.517,3,3.333,0.2,3.424,82.286,6.286,0,0.0,0.0
2,8,120000,29.34,64.0,259.346,926.189,16.208,20,54.792,7.154,3,3.0,0.2,3.472,123.833,7.667,0,0.0,0.0
2,9,135000,33.176,64.0,901.875,761.353,17.588,20,55.118,7.875,0,0.0,0.0,2.588,0.0,0.0,0,0.0,0.0
2,10,150000,42.879,64.0,260.474,643.379,15.595,25,58.0,7.439,6,3.333,0.4,3.207,197.0,2.286,0,0.0,0.0
2,11,165000,52.05,64.0,185.304,640.788,11.911,25,58.4,7.924,7,3.429,0.467,3.875,191.118,4.882,0,0.0,0.0
2,12,180000,44.922,64.0,224.54,1043.5,17.287,24,58.453,8.73,1,3.0,0.067,4.75,41.5,7.5,0,0.0,0.0
2,13,195000,37.933,64.0,497.621,773.8,1.744,34,53.833,8.241,1,4.0,0.067,2.3,245.333,6.667,0,0.0,0.0
2,14,210000,35.903,64.0,237.934,785.484,14.273,32,62.081,8.738,3,4.0,0.2,3.339,94.111,3.333,0,0.0,0.0
2,15,225000,42.0,64.0,384.833,1504.324,37.145,41,70.432,11.722,1,3.0,0.067,3.595,62.5,4.0,0,0.0,0.0
2,16,240000,31.5,64.0,300.979,872.896,7.309,29,59.854,6.362,3,3.0,0.2,3.521,122.667,6.0,0,0.0,0.0
2,17,255000,33.333,64.0,417.75,1244.788,9.393,18,49.939,5.312,1,3.0,0.067,3.061,83.5,7.0,0,0.0,0.0
2,18,270000,59.079,64.0,197.307,572.053,6.622,25,58.684,7.52,4,3.0,0.267,3.947,209.125,2.875,0,0.0,0.0
2,19,285000,49.272,64.0,158.648,534.38,16.187,29,60.293,8.758,5,3.2,0.333,3.946,173.0,5.091,0,0.0,0.0
2,20,300000,52.932,64.0,170.103,653.648,14.402,31,56.364,9.0,6,3.0,0.4,4.295,195.083,6.917,0,0.0,0.0
2,21,315000,32.476,64.0,219.645,722.079,13.821,23,55.381,7.339,2,4.5,0.133,3.556,211.143,4.429,0,0.0,0.0
2,22,330000,32.565,64.0,217.118,546.58,5.729,24,56.0,6.338,6,3.0,0.4,3.188,153.25,4.167,0,0.0,0.0
2,23,345000,29.41,64.0,245.95,733.721,9.139,25,57.377,7.683,7,3.571,0.467,3.393,157.444,5.889,0,0.0,0.0
2,24,360000,30.5,64.0,221.051,764.05,19.973,24,57.083,8.186,6,3.667,0.4,3.567,143.688,5.75,0,0.0,0.0
2,25,375000,38.974,64.0,193.52,671.855,9.737,25,59.434,8.653,7,3.286,0.467,3.816,124.5,7.312,0,0.0,0.0
2,26,390000,30.7,64.0,211.058,699.214,14.613,33,64.871,9.145,6,3.167,0.4,3.6,202.385,5.385,0,0.0,0.0
2,27,405000,27.038,64.0,174.5,764.57,20.242,36,60.38,11.462,2,3.0,0.133,4.456,92.0,0.25,0,0.0,0.0
2,28,420000,27.734,64.0,182.423,742.886,15.276,25,58.329,7.782,6,3.333,0.4,4.139,207.857,6.714,0,0.0,0.0
2,29,435000,32.079,64.0,385.703,1587.947,45.328,25,65.737,3.378,0,0.0,0.0,3.974,0.0,0.0,2,104.0,1.0
2,30,450000,28.593,64.0,539.269,1277.741,6.954,24,60.0,6.577,1,3.0,0.067,2.593,243.0,6.0,0,0.0,0.0
2,31,465000,40.698,64.0,277.5,1043.566,10.84,22,58.491,7.423,3,3.333,0.2,3.642,249.0,4.429,0,0.0,0.0
2,32,480000,46.281,64.0,261.286,815.386,7.642,28,61.509,7.054,2,3.0,0.133,3.561,225.5,6.25,1,49.0,2.0
2,33,495000,43.6,64.0,271.741,982.418,12.059,27,56.182,5.944,3,3.0,0.2,3.8,122.833,3.5,0,0.0,0.0
2,34,510000,35.067,64.0,473.655,1415.8,8.381,25,56.033,4.621,0,0.0,0.0,3.133,0.0,0.0,0,0.0,0.0
2,35,525000,25.241,64.0,458.357,1551.517,14.07,25,60.655,5.929,1,3.0,0.067,3.483,62.5,4.5,0,0.0,0.0
2,36,540000,49.435,64.0,357.955,714.348,2.272,32,57.478,4.591,0,0.0,0.0,2.304,0.0,0.0,1,118.0,2.0
3,0,0,59.306,64.0,304.104,744.714,19.96,29,60.898,6.5,2,3.5,0.133,3.143,336.0,3.2,0,0.0,0.0
3,1,15000,67.071,64.0,354.0,821.595,4.478,32,61.881,7.244,4,3.5,0.267,3.381,397.7,3.2,0,0.0,0.0
3,2,30000,69.514,64.0,430.559,1133.571,28.462,30,62.571,6.529,3,3.667,0.2,3.543,472.375,2.75,0,0.0,0.0
3,3,45000,68.744,64.0,338.786,801.86,12.697,25,61.767,7.286,5,3.2,0.333,3.186,409.091,2.727,0,0.0,0.0
3,4,60000,69.694,64.0,392.457,1051.667,17.269,30,62.222,6.743,2,3.0,0.133,3.333,244.75,3.25,0,0.0,0.0
3,5,75000,66.891,64.0,326.222,1077.413,11.408,32,60.5,7.467,4,3.75,0.267,4.0,395.818,3.182,0,0.0,0.0
3,6,90000,68.789,64.0,381.216,989.605,6.34,30,61.342,6.865,1,3.0,0.067,3.395,468.5,2.0,0,0.0,0.0
3,7,105000,69.778,64.0,366.657,1137.556,1.02,29,60.778,7.571,2,3.0,0.133,3.528,472.0,3.0,0,0.0,0.0
3,8,120000,66.205,64.0,363.684,885.487,4.742,30,61.231,7.684,3,3.333,0.2,3.308,358.143,3.571,0,0.0,0.0
3,9,135000,73.966,64.0,528.5,1044.103,2.893,22,63.069,7.393,2,4.0,0.133,2.828,463.0,2.833,0,0.0,0.0
3,10,150000,68.707,64.0,364.925,947.341,6.81,29,61.634,7.225,2,3.0,0.133,3.537,441.25,2.0,0,0.0,0.0
3,11,165000,74.351,64.0,412.417,991.432,3.557,30,61.216,7.361,2,3.0,0.133,3.514,472.5,1.75,0,0.0,0.0
3,12,180000,71.784,64.0,404.111,1049.73,4.686,30,61.514,6.861,3,3.333,0.2,3.297,467.286,2.714,0,0.0,0.0
3,13,195000,59.125,64.0,377.487,861.575,6.203,32,61.35,7.692,4,3.25,0.267,3.675,367.333,2.889,0,0.0,0.0
3,14,210000,71.122,64.0,346.375,1013.878,29.383,30,61.146,6.725,3,4.0,0.2,3.659,460.0,2.889,0,0.0,0.0
3,15,225000,71.262,64.0,361.976,951.357,5.17,32,62.024,6.512,4,4.0,0.267,3.619,382.583,3.333,0,0.0,0.0
3,16,240000,69.26,64.0,282.041,548.6,8.649,24,61.84,6.531,2,3.5,0.133,3.18,209.8,3.0,5,102.8,1.8
3,17,255000,67.719,64.0,245.304,338.386,5.277,30,61.912,7.714,2,3.0,0.133,2.86,362.75,4.5,1,118.0,2.0
3,18,270000,76.721,64.0,170.753,300.291,3.703,42,58.558,8.529,4,3.0,0.267,2.733,194.375,2.875,0,0.0,0.0
3,19,285000,78.577,64.0,144.883,322.24,2.248,42,60.615,12.155,2,3.5,0.133,3.0,172.0,2.2,1,42.0,0.0
3,20,300000,75.564,64.0,192.727,367.359,3.45,36,61.295,8.935,4,3.25,0.267,2.718,169.0,3.889,6,88.0,1.5
3,21,315000,80.333,64.0,164.977,514.977,6.275,44,61.529,9.988,1,3.0,0.067,3.138,347.0,6.0,2,45.5,0.5
3,22,330000,74.48,64.0,201.108,499.707,6.092,42,61.68,8.0,5,3.2,0.333,3.187,186.818,1.818,0,0.0,0.0
3,23,345000,72.262,64.0,229.633,476.557,5.587,42,60.77,8.967,1,3.0,0.067,2.803,267.0,2.0,5,127.8,1.8
3,24,360000,67.833,64.0,328.073,555.548,5.078,30,61.643,6.756,2,3.0,0.133,3.0,265.75,2.5,1,35.0,0.0
3,25,375000,69.175,64.0,302.872,507.675,7.975,30,61.95,5.897,0,0.0,0.0,2.7,0.0,0.0,1,125.0,2.0
3,26,390000,76.083,64.0,208.437,453.444,10.409,30,62.069,7.493,5,3.0,0.333,3.181,271.7,5.2,3,108.667,2.0
3,27,405000,72.254,64.0,218.636,341.418,4.946,30,61.507,6.773,2,3.0,0.133,2.776,204.75,3.25,2,135.5,2.0
3,28,420000,75.242,64.0,238.607,516.952,5.202,32,62.597,7.525,0,0.0,0.0,3.258,0.0,0.0,2,104.0,1.5
3,29,435000,77.705,64.0,324.14,632.409,7.236,30,62.045,6.791,0,0.0,0.0,2.841,0.0,0.0,0,0.0,0.0
3,30,450000,61.667,64.0,1241.182,331.0,5.244,8,65.833,2.727,0,0.0,0.0,1.333,0.0,0.0,1,125.0,2.0
3,31,465000,64.553,64.0,317.348,300.213,4.405,25,63.149,6.261,0,0.0,0.0,2.553,0.0,0.0,4,114.5,2.0
3,32,480000,67.453,64.0,268.827,537.849,4.202,30,61.434,7.481,1,3.0,0.067,3.34,246.5,2.0,0,0.0,0.0
3,33,495000,71.817,64.0,251.542,476.983,5.503,30,62.317,6.864,2,3.5,0.133,3.1,66.4,2.2,3,125.0,2.0
3,34,510000,74.231,64.0,282.137,646.538,7.899,30,62.615,7.275,2,3.5,0.133,3.423,90.2,2.6,3,104.0,1.667
3,35,525000,71.592,64.0,297.292,583.041,6.136,30,61.531,7.458,1,3.0,0.067,2.98,104.0,4.5,1,125.0,2.0
3,36,540000,71.842,64.0,339.5,1147.158,11.534,27,60.105,9.333,1,3.0,0.067,3.105,267.0,2.0,0,0.0,0.0
4,0,0,46.058,35.788,286.588,823.135,22.772,30,66.212,10.039,3,3.333,0.2,3.346,143.143,1.714,0,0.0,0.0
4,1,15000,46.609,34.5,235.111,510.031,19.511,32,66.766,11.587,2,3.0,0.133,3.25,205.25,4.25,0,0.0,0.0
4,2,30000,48.0,32.396,303.447,904.417,21.598,29,65.021,10.809,2,3.5,0.133,3.375,114.4,4.4,0,0.0,0.0
4,3,45000,51.9,32.767,248.119,726.033,29.203,32,68.2,9.508,4,3.25,0.267,3.25,51.778,1.222,0,0.0,0.0
4,4,60000,48.56,36.573,188.257,592.32,27.175,29,72.56,8.973,3,4.0,0.2,3.053,82.0,3.778,1,90.0,1.0
4,5,75000,49.029,36.314,197.536,371.457,14.94,32,66.043,11.116,4,3.5,0.267,2.843,63.2,3.0,0,0.0,0.0
4,6,90000,50.013,33.526,194.467,206.855,7.428,32,67.382,11.88,5,3.2,0.333,2.316,123.818,3.727,0,0.0,0.0
4,7,105000,50.897,36.368,219.06,413.25,13.026,31,67.485,10.597,4,3.25,0.267,2.676,72.778,3.222,0,0.0,0.0
4,8,120000,53.915,36.617,297.435,1190.574,38.711,29,66.362,9.522,4,3.75,0.267,3.553,72.455,3.909,1,90.0,1.0
4,9,135000,51.87,34.5,253.189,1052.167,45.923,36,66.241,10.83,8,3.625,0.533,3.5,48.714,2.333,1,98.0,1.0
4,10,150000,47.426,35.404,302.674,1208.66,26.109,34,66.702,9.022,6,3.667,0.4,3.809,112.812,4.125,0,0.0,0.0
4,11,165000,51.269,34.612,218.03,976.448,31.725,47,76.537,10.409,6,3.667,0.4,3.91,44.125,3.312,1,105.0,2.0
4,12,180000,47.277,36.553,304.652,1198.723,40.405,34,72.043,8.174,4,4.0,0.267,3.638,60.833,3.5,2,64.0,1.0
4,13,195000,52.719,40.344,232.825,625.219,23.252,24,70.359,6.302,9,3.778,0.6,3.203,36.08,3.56,0,0.0,0.0
4,14,210000,55.012,42.049,182.888,279.951,9.122,31,71.543,8.35,6,3.167,0.4,2.556,148.231,2.923,1,68.0,1.0
4,15,225000,48.493,35.358,217.242,663.015,26.257,34,64.94,12.258,3,3.333,0.2,3.239,39.714,4.0,1,53.0,1.0
4,16,240000,40.16,25.16,300.755,1037.98,20.187,29,68.4,6.959,5,4.6,0.333,3.18,105.389,3.611,0,0.0,0.0
4,17,255000,50.84,35.42,293.98,952.36,29.866,32,65.36,10.653,6,3.667,0.4,3.4,74.312,3.375,0,0.0,0.0
4,18,270000,40.524,36.333,236.226,718.556,29.938,31,67.667,10.403,6,3.667,0.4,3.317,72.5,2.938,0,0.0,0.0
4,19,285000,47.581,34.726,240.59,742.645,22.757,29,70.581,6.426,10,3.5,0.667,2.968,87.92,3.52,0,0.0,0.0
4,20,300000,48.242,36.652,223.708,976.136,42.216,34,71.379,9.862,9,3.889,0.6,3.803,38.538,3.346,0,0.0,0.0
4,21,315000,41.13,34.783,279.956,1015.087,20.16,29,69.957,7.578,7,3.429,0.467,3.391,127.471,3.471,0,0.0,0.0
4,22,330000,35.5,27.852,257.019,1067.389,25.86,30,68.63,9.019,8,4.0,0.533,3.574,133.958,3.417,0,0.0,0.0
4,23,345000,47.0,37.543,216.087,740.7,24.472,36,72.129,7.58,9,3.667,0.6,3.8,115.708,3.542,6,88.833,1.167
4,24,360000,43.851,37.791,219.515,872.567,26.154,29,69.433,5.818,5,4.8,0.333,3.761,76.421,4.053,4,75.25,0.75
4,25,375000,48.423,38.775,213.743,651.31,17.276,27,73.085,6.543,9,3.556,0.6,3.169,132.0,3.522,3,103.0,1.333
4,26,390000,51.119,37.424,235.638,897.831,21.279,25,72.881,6.879,9,3.889,0.6,3.729,68.885,3.808,1,60.0,1.0
4,27,405000,48.529,35.882,278.02,1221.941,38.469,33,70.902,6.6,7,4.143,0.467,3.667,53.409,3.455,4,64.0,0.75
4,28,420000,45.773,39.591,328.86,1294.477,19.928,30,72.182,6.093,6,3.667,0.4,3.841,165.625,3.125,7,98.857,1.0
4,29,435000,42.045,32.567,224.424,793.507,25.933,34,69.672,7.727,10,4.2,0.667,3.612,87.75,3.719,0,0.0,0.0
4,30,450000,46.904,33.932,201.639,459.384,16.792,27,71.63,7.583,9,3.778,0.6,2.89,59.04,3.68,0,0.0,0.0
4,31,465000,48.034,37.782,167.767,457.345,17.661,29,72.517,9.256,7,3.571,0.467,2.851,90.722,3.056,4,73.5,1.25
4,32,480000,46.151,30.075,277.308,917.642,29.132,30,69.547,8.115,7,3.571,0.467,3.453,78.556,4.167,0,0.0,0.0
4,33,495000,44.793,37.948,258.0,1107.552,31.599,25,67.828,6.719,10,3.6,0.667,3.966,83.077,3.692,4,101.25,1.0
4,34,510000,56.889,40.639,183.056,303.292,13.332,29,69.569,9.028,6,3.667,0.4,2.889,115.25,3.25,2,117.0,1.5
4,35,525000,49.817,37.939,170.963,159.378,6.817,30,67.634,10.852,8,3.0,0.533,2.524,65.875,0.625,0,0.0,0.0
4,36,540000,49.234,36.351,192.711,369.26,12.76,29,68.416,9.658,9,3.667,0.6,2.909,112.083,3.792,0,0.0,0.0
4,37,555000,46.818,32.42,166.966,315.205,11.348,34,65.352,10.023,10,3.7,0.667,2.58,141.148,3.852,3,87.667,1.667
4,38,570000,45.605,36.977,170.094,361.453,11.002,30,71.535,9.459,13,3.615,0.867,2.895,96.147,5.176,2,75.5,1.5
4,39,585000,47.933,36.556,313.023,1773.311,83.474,32,66.2,7.455,4,4.5,0.267,3.622,65.643,3.214,0,0.0,0.0
4,40,600000,45.5,39.25,512.0,1340.25,3.469,12,82.75,4.0,0,0.0,0.0,1.5,0.0,0.0,0,0.0,0.0
4,0,0,48.959,33.836,204.083,192.37,7.238,32,68.288,11.917,3,3.0,0.2,2.247,84.5,4.5,0,0.0,0.0
4,1,15000,49.193,34.705,168.977,186.057,7.126,32,65.989,11.977,4,3.25,0.267,2.352,108.0,2.556,1,104.0,2.0
4,2,30000,49.757,31.614,210.754,239.114,8.943,31,65.214,11.855,5,3.4,0.333,2.214,91.917,4.083,0,0.0,0.0
4,3,45000,47.378,32.085,184.667,382.524,14.102,34,66.829,11.877,4,3.5,0.267,2.707,105.5,3.4,3,67.333,1.0
4,4,60000,44.577,29.692,290.569,680.558,31.154,34,64.192,12.0,5,3.6,0.333,2.577,75.769,2.846,0,0.0,0.0
4,5,75000,49.756,31.679,185.247,216.449,8.404,32,65.885,11.753,4,3.25,0.267,2.256,93.444,4.111,0,0.0,0.0
4,6,90000,47.716,28.852,170.816,218.545,9.017,32,65.307,10.793,3,3.0,0.2,2.477,83.333,0.167,0,0.0,0.0
4,7,105000,50.339,32.145,234.967,301.581,9.012,29,65.968,9.295,3,3.0,0.2,2.194,44.0,3.167,1,97.0,1.0
4,8,120000,47.912,31.485,208.328,533.118,17.063,34,66.838,11.657,6,3.167,0.4,3.015,70.0,2.692,1,76.0,1.0
4,9,135000,42.983,25.068,255.983,660.542,27.521,34,62.847,8.414,8,3.125,0.533,2.949,68.647,2.235,0,0.0,0.0
4,10,150000,44.347,26.12,196.419,424.333,12.027,32,65.067,9.149,5,3.4,0.333,2.747,111.0,4.917,1,69.0,2.0
4,11,165000,44.346,29.397,182.273,598.59,27.641,34,64.782,9.182,7,3.429,0.467,3.026,100.529,2.706,1,111.0,2.0
